<?xml version="1.0" encoding="UTF-8"?>
<beans xmlns="http://www.springframework.org/schema/beans" xmlns:xsi="http://www.w3.org/2001/XMLSchema-instance"
       xsi:schemaLocation="http://www.springframework.org/schema/beans http://www.springframework.org/schema/beans/spring-beans-3.0.xsd"
       default-lazy-init="true">

 	<bean id="domainHibernatePostProcessor" class="com.gisgraphy.dao.spring.HibernateExtensionPostProcessor">
        <property name="annotatedClasses">
	         <list>
	            <value>com.gisgraphy.model.User</value>
	            <value>com.gisgraphy.model.Role</value>
	         </list>
    	</property>
 	</bean>
 	


    <!-- UniversalDao - can be used when doing standard CRUD - made available 
        for those who don't mind casting.  If you don't want to cast, look at 
        'fooDao' below. -->
    <bean id="universalDao" class="com.gisgraphy.dao.hibernate.UniversalDaoHibernate">
        <property name="sessionFactory" ref="sessionFactory"/>
    </bean>

    <bean id="lookupDao" class="com.gisgraphy.dao.hibernate.LookupDaoHibernate">
        <property name="sessionFactory" ref="sessionFactory"/>
    </bean>

    <bean id="userDao" class="com.gisgraphy.dao.hibernate.UserDaoHibernate">
        <property name="sessionFactory" ref="sessionFactory"/>
    </bean>

    <bean id="roleDao" class="com.gisgraphy.dao.hibernate.RoleDaoHibernate">
        <property name="sessionFactory" ref="sessionFactory"/>
    </bean>
    
    <!-- If you want to be able to do simple CRUD for new domain objects without 
        having to cast, you don't have create a Dao interface and implementation 
        for that domain object, you simply have to do the following.  
        
        eg... 'fooDao'
    
    <bean id="fooDao" class="com.gisgraphy.dao.hibernate.GenericDaoHibernate">
        <constructor-arg value="com.gisgraphy.model.Foo"/>
        <property name="sessionFactory" ref="sessionFactory"/>
    </bean>
    
    You will need to create a Dao interface and implementation for that 
        domain object if you need more than simple CRUD to occur.  
        (finders, bulk update/delete, etc.)
    -->

    <!-- Add new DAOs here -->

</beans>
