[{"stat":339157,"label":"Streets"},{"stat":189564,"label":"Addresses"},{"stat":6116,"label":"Cities"},{"stat":64,"label":"Adms"},{"stat":222,"label":"Pois:ATM"},{"stat":186,"label":"Pois:AdmBuilding"},{"stat":708,"label":"Pois:Airport"},{"stat":0,"label":"Pois:Ambulance"},{"stat":219,"label":"Pois:AmusePark"},{"stat":0,"label":"Pois:Aqueduc"},{"stat":1446,"label":"Pois:Bank"},{"stat":786,"label":"Pois:Bar"},{"stat":597,"label":"Pois:Bay"},{"stat":61,"label":"Pois:Beach"},{"stat":17,"label":"Pois:Bench"},{"stat":8,"label":"Pois:Bridge"},{"stat":2,"label":"Pois:Building"},{"stat":12080,"label":"Pois:BusStation"},{"stat":74,"label":"Pois:Camp"},{"stat":638,"label":"Pois:Camping"},{"stat":7,"label":"Pois:Canyon"},{"stat":36,"label":"Pois:Casino"},{"stat":32,"label":"Pois:Castle"},{"stat":0,"label":"Pois:Cave"},{"stat":565,"label":"Pois:Cemetery"},{"stat":75,"label":"Pois:Cinema"},{"stat":0,"label":"Pois:Cirque"},{"stat":342,"label":"Pois:CityHall"},{"stat":78,"label":"Pois:CitySubdivision"},{"stat":10,"label":"Pois:Cliff"},{"stat":2,"label":"Pois:Coast"},{"stat":0,"label":"Pois:Continent"},{"stat":488,"label":"Pois:CourtHouse"},{"stat":178,"label":"Pois:Craft"},{"stat":2,"label":"Pois:CustomsPost"},{"stat":0,"label":"Pois:Dam"},{"stat":262,"label":"Pois:Dentist"},{"stat":1,"label":"Pois:Desert"},{"stat":88,"label":"Pois:Doctor"},{"stat":0,"label":"Pois:EmergencyPhone"},{"stat":6,"label":"Pois:Factory"},{"stat":12,"label":"Pois:Falls"},{"stat":2425,"label":"Pois:Farm"},{"stat":34,"label":"Pois:FerryTerminal"},{"stat":4,"label":"Pois:Field"},{"stat":548,"label":"Pois:FireStation"},{"stat":1,"label":"Pois:FishingArea"},{"stat":455,"label":"Pois:Fjord"},{"stat":7,"label":"Pois:Forest"},{"stat":35,"label":"Pois:Fountain"},{"stat":1557,"label":"Pois:Fuel"},{"stat":42,"label":"Pois:Garden"},{"stat":121607,"label":"Pois:GisFeature"},{"stat":80,"label":"Pois:Golf"},{"stat":8,"label":"Pois:Gorge"},{"stat":3,"label":"Pois:GrassLand"},{"stat":9,"label":"Pois:Gulf"},{"stat":1756,"label":"Pois:Hill"},{"stat":1430,"label":"Pois:Hospital"},{"stat":3334,"label":"Pois:Hotel"},{"stat":43,"label":"Pois:House"},{"stat":69,"label":"Pois:Ice"},{"stat":2518,"label":"Pois:Island"},{"stat":593,"label":"Pois:Lake"},{"stat":192,"label":"Pois:Library"},{"stat":98,"label":"Pois:LightHouse"},{"stat":277,"label":"Pois:Mall"},{"stat":0,"label":"Pois:Marsh"},{"stat":10,"label":"Pois:MetroStation"},{"stat":3,"label":"Pois:Military"},{"stat":2,"label":"Pois:Mill"},{"stat":1452,"label":"Pois:Mine"},{"stat":6,"label":"Pois:Mole"},{"stat":2,"label":"Pois:Monument"},{"stat":0,"label":"Pois:Mound"},{"stat":5607,"label":"Pois:Mountain"},{"stat":290,"label":"Pois:Museum"},{"stat":172,"label":"Pois:NightClub"},{"stat":45,"label":"Pois:Oasis"},{"stat":811,"label":"Pois:ObservatoryPoint"},{"stat":0,"label":"Pois:Ocean"},{"stat":0,"label":"Pois:OperaHouse"},{"stat":2362,"label":"Pois:Park"},{"stat":2006,"label":"Pois:Parking"},{"stat":1565,"label":"Pois:Pharmacy"},{"stat":50,"label":"Pois:Picnic"},{"stat":1,"label":"Pois:Plantation"},{"stat":1404,"label":"Pois:PolicePost"},{"stat":1,"label":"Pois:PoliticalEntity"},{"stat":356,"label":"Pois:Pond"},{"stat":290,"label":"Pois:Port"},{"stat":529,"label":"Pois:PostOffice"},{"stat":164,"label":"Pois:Prison"},{"stat":0,"label":"Pois:Pyramid"},{"stat":2,"label":"Pois:Quay"},{"stat":16,"label":"Pois:Rail"},{"stat":1134,"label":"Pois:RailRoadStation"},{"stat":208,"label":"Pois:Ranch"},{"stat":3,"label":"Pois:Ravin"},{"stat":88,"label":"Pois:Reef"},{"stat":2022,"label":"Pois:Religious"},{"stat":232,"label":"Pois:Rental"},{"stat":347,"label":"Pois:Reserve"},{"stat":0,"label":"Pois:RestArea"},{"stat":7722,"label":"Pois:Restaurant"},{"stat":3,"label":"Pois:Road"},{"stat":9225,"label":"Pois:School"},{"stat":0,"label":"Pois:Sea"},{"stat":16354,"label":"Pois:Shop"},{"stat":3214,"label":"Pois:Sport"},{"stat":648,"label":"Pois:Spring"},{"stat":261,"label":"Pois:Stadium"},{"stat":6,"label":"Pois:Strait"},{"stat":7210,"label":"Pois:Stream"},{"stat":0,"label":"Pois:Street"},{"stat":213,"label":"Pois:SwimmingPool"},{"stat":100,"label":"Pois:Taxi"},{"stat":46,"label":"Pois:Telephone"},{"stat":128,"label":"Pois:Theater"},{"stat":47,"label":"Pois:Toilet"},{"stat":615,"label":"Pois:Tourism"},{"stat":282,"label":"Pois:TourismInfo"},{"stat":0,"label":"Pois:Tower"},{"stat":0,"label":"Pois:Tree"},{"stat":9,"label":"Pois:Tunnel"},{"stat":1,"label":"Pois:UnderSea"},{"stat":5,"label":"Pois:VendingMachine"},{"stat":319,"label":"Pois:Veterinary"},{"stat":5,"label":"Pois:Vineyard"},{"stat":23,"label":"Pois:Volcano"},{"stat":1254,"label":"Pois:WaterBody"},{"stat":13,"label":"Pois:Zoo"},{"stat":225236,"label":"Pois:all"}]